ObjectID,extendPortTotalDnDiscByteCounter,extendPortTotalDnFwdByteCounter,extendPortTotalUpDiscByteCounter,extendPortTotalUpFwdByteCounter,ifOperStatus
R1.S1.LT1.PON1.ONT27.C1.P1,0,703058653421,1918302404,620707521796,up
R1.S1.LT1.PON3.ONT3.C14.P1,0,17894439694913,0,1584317555622,up
R1.S1.LT1.PON4.ONT6.C14.P1,0,49055,0,135069,down
R1.S1.LT1.PON6.ONT4.C14.P1,0,289647493,0,88840747,down
R1.S1.LT1.PON3.ONT4.C14.P1,0,0,0,0,down
R1.S1.LT1.PON4.ONT3.C14.P1,0,8160286049021,21706,642168609352,down
R1.S1.LT1.PON4.ONT4.C14.P1,0,1675287,0,6069665,down
R1.S1.LT1.PON1.ONT20.C1.P1,0,324029523297,416,45026393793,up
R1.S1.LT1.PON10.ONT10.C14.P1,0,0,0,0,down
R1.S1.LT1.PON11.ONT13.C14.P1,0,0,0,0,down
R1.S1.LT1.PON13.ONT11.C14.P1,0,147514190300,0,36194447888,up
R1.S1.LT1.PON16.ONT12.C14.P1,0,21653231633,0,1654873761,up
R1.S1.LT1.PON10.ONT11.C14.P1,0,289713475949,14158,26104794398,up
R1.S1.LT1.PON11.ONT10.C14.P1,0,3668527781848,22687,423686881661,up
R1.S1.LT1.PON16.ONT13.C14.P1,0,4487597129451,0,850533505937,up
R1.S1.LT1.PON11.ONT11.C14.P1,0,29570314946215,632,2792997131537,up
R1.S1.LT1.PON14.ONT12.C14.P1,0,0,0,0,down
R1.S1.LT1.PON16.ONT10.C14.P1,0,1107565531288,20698,190907287214,up
R1.S1.LT1.PON14.ONT13.C14.P1,0,7466286171897,35969,680347631240,up
R1.S1.LT1.PON15.ONT12.C14.P1,0,9716518985353,15006,831870140402,up
R1.S1.LT1.PON16.ONT11.C14.P1,0,466836462154,0,41210336528,up
R1.S1.LT1.PON14.ONT10.C14.P1,0,269894671925,0,60939851330,down
R1.S1.LT1.PON15.ONT13.C14.P1,0,0,0,0,down
R1.S1.LT1.PON14.ONT11.C14.P1,0,0,0,0,down
R1.S1.LT1.PON15.ONT10.C14.P1,0,4082628307331,8310,460398781270,up
R1.S1.LT1.PON12.ONT18.C14.P1,0,2534833673218,23172,201110224069,up
R1.S1.LT1.PON15.ONT11.C14.P1,0,1226636064690,500,105062552959,up
R1.S1.LT1.PON12.ONT19.C14.P1,0,1141704162632,0,929464663055,up
R1.S1.LT1.PON13.ONT18.C14.P1,0,1332102869505,11878,32833907847,up
R1.S1.LT1.PON10.ONT18.C14.P1,0,13229321688194,17078,1167804960392,up
R1.S1.LT1.PON12.ONT16.C14.P1,0,0,0,0,down
R1.S1.LT1.PON13.ONT19.C14.P1,0,15005969547507,7955,1870090700165,up
R1.S1.LT1.PON10.ONT19.C14.P1,0,0,0,0,down
R1.S1.LT1.PON11.ONT18.C14.P1,0,0,0,0,down
R1.S1.LT1.PON12.ONT17.C14.P1,0,1078921827651,13460,106209421242,up
R1.S1.LT1.PON13.ONT16.C14.P1,0,0,0,0,down
R1.S1.LT1.PON10.ONT16.C14.P1,0,3745097335286,0,287432657863,up
R1.S1.LT1.PON11.ONT19.C14.P1,0,1961533157282,18690,1556831285395,up
R1.S1.LT1.PON12.ONT14.C14.P1,0,2589013942218,4356,185478675928,up
R1.S1.LT1.PON13.ONT17.C14.P1,0,0,0,0,down
R1.S1.LT1.PON16.ONT18.C14.P1,0,1145818277040,3708,136856331483,up
R1.S1.LT1.PON13.ONT14.C14.P1,0,0,0,0,down
R1.S1.LT1.PON10.ONT17.C14.P1,0,10861638961114,37932,759887635113,up
R1.S1.LT1.PON11.ONT16.C14.P1,0,0,0,0,down
R1.S1.LT1.PON12.ONT15.C14.P1,0,1407549215956,37009,526860802449,up
R1.S1.LT1.PON16.ONT19.C14.P1,0,1162665884661,46975,253597828392,down
R1.S1.LT1.PON13.ONT15.C14.P1,0,214879229622,4518,11150979170,down
R1.S1.LT1.PON10.ONT14.C14.P1,0,1777521545456,4130,306967639055,up
R1.S1.LT1.PON11.ONT17.C14.P1,0,0,0,0,down
R1.S1.LT1.PON14.ONT18.C14.P1,0,190529748303,3574,26940316614,down
R1.S1.LT1.PON16.ONT16.C14.P1,0,1267748,0,3899835,down
R1.S1.LT1.PON10.ONT15.C14.P1,0,20176790544792,83215,2074511492295,up
R1.S1.LT1.PON11.ONT14.C14.P1,0,0,0,0,down
R1.S1.LT1.PON14.ONT19.C14.P1,0,4318165240839,10080,709388943357,up
R1.S1.LT1.PON16.ONT17.C14.P1,0,2177089169246,6169,830465833356,up
R1.S1.LT1.PON11.ONT15.C14.P1,0,1376331837838,0,250512819681,up
R1.S1.LT1.PON14.ONT16.C14.P1,0,14144647133251,131558,910302914708,up
R1.S1.LT1.PON15.ONT19.C14.P1,0,1110310448712,10601,155880528852,up
R1.S1.LT1.PON16.ONT14.C14.P1,0,1762821395254,15625,168880004948,down
R1.S1.LT1.PON14.ONT17.C14.P1,0,0,0,0,down
R1.S1.LT1.PON15.ONT16.C14.P1,0,0,0,0,down
R1.S1.LT1.PON16.ONT15.C14.P1,0,1368938549061,0,154729599015,up
R1.S1.LT1.PON12.ONT12.C14.P1,0,1783505911897,3258,208821629492,up
R1.S1.LT1.PON12.ONT13.C14.P1,0,1693833450707,3660,158210633922,down
R1.S1.LT1.PON13.ONT12.C14.P1,0,9753557302869,0,663466118721,up
R1.S1.LT1.PON10.ONT12.C14.P1,0,490149288740,0,64963680444,up
R1.S1.LT1.PON12.ONT10.C14.P1,0,1691257349901,9886,163636963505,up
R1.S1.LT1.PON13.ONT13.C14.P1,0,4114836515787,8414,379334476082,up
R1.S1.LT1.PON10.ONT13.C14.P1,0,5402205936435,18274,376922104387,up
R1.S1.LT1.PON11.ONT12.C14.P1,0,0,0,0,down
R1.S1.LT1.PON12.ONT11.C14.P1,0,2877589,0,554775,down
R1.S1.LT1.PON13.ONT10.C14.P1,0,3344368862278,28522,324117357257,up
R1.S1.LT1.PON3.ONT25.C14.P1,0,0,0,0,down
R1.S1.LT1.PON4.ONT28.C14.P1,0,441148497385,632,18234127073,up
R1.S1.LT1.PON6.ONT26.C14.P1,0,907049388895,0,72777717102,up
R1.S1.LT1.PON3.ONT26.C14.P1,0,2462681043019,0,510791226346,up
R1.S1.LT1.PON4.ONT25.C14.P1,0,1397576312914,0,126411841010,up
R1.S1.LT1.PON4.ONT26.C14.P1,0,412533500890,0,51306193969,down
R1.S1.LT1.PON2.ONT22.C14.P1,0,1328508367016,0,189680377449,up
R1.S1.LT1.PON5.ONT23.C14.P1,0,0,0,0,down
R1.S1.LT1.PON7.ONT29.C14.P1,0,138845411629,0,19441115062,down
R1.S1.LT1.PON9.ONT27.C14.P1,0,4876795124873,0,406928799865,up
R1.S1.LT1.PON5.ONT24.C14.P1,0,881584536691,0,38843640528,down
R1.S1.LT1.PON6.ONT23.C14.P1,0,715654999699,0,48598765400,up
R1.S1.LT1.PON8.ONT29.C14.P1,0,740374454574,316,179846701604,down
R1.S1.LT1.PON9.ONT28.C14.P1,0,214075472535,0,25991296601,up
R1.S1.LT1.PON2.ONT20.C14.P1,0,1136750972750,0,200417725640,up
R1.S1.LT1.PON3.ONT23.C14.P1,0,2620028772647,0,243344059379,up
R1.S1.LT1.PON5.ONT21.C14.P1,0,1704062861652,0,115791949759,down
R1.S1.LT1.PON6.ONT24.C14.P1,0,16555,0,11869,down
R1.S1.LT1.PON7.ONT27.C14.P1,0,3289980486391,128,1142309447419,up
R1.S1.LT1.PON9.ONT25.C14.P1,0,597595694458,0,88541149654,up
R1.S1.LT1.PON3.ONT24.C14.P1,0,8837120099436,0,877502737620,up
R1.S1.LT1.PON4.ONT23.C14.P1,0,0,0,0,down
R1.S1.LT1.PON5.ONT22.C14.P1,0,0,0,0,down
R1.S1.LT1.PON6.ONT21.C14.P1,0,2227975024667,0,504501195497,up
R1.S1.LT1.PON7.ONT28.C14.P1,0,910808384954,3114,71127421943,down
R1.S1.LT1.PON8.ONT27.C14.P1,0,0,0,0,down
R1.S1.LT1.PON9.ONT26.C14.P1,0,2361404908767,0,156844960000,up
R1.S1.LT1.PON3.ONT21.C14.P1,0,0,0,0,down
R1.S1.LT1.PON4.ONT24.C14.P1,0,0,0,0,down
R1.S1.LT1.PON6.ONT22.C14.P1,0,6578036061019,0,660049122369,up
R1.S1.LT1.PON7.ONT25.C14.P1,0,0,0,0,down
R1.S1.LT1.PON8.ONT28.C14.P1,0,0,0,0,down
R1.S1.LT1.PON3.ONT22.C14.P1,0,312568313105,0,16653707006,up
R1.S1.LT1.PON4.ONT21.C14.P1,0,1105776494389,12447,177224665174,up
R1.S1.LT1.PON5.ONT20.C14.P1,0,3066170663320,0,240091060766,up
R1.S1.LT1.PON7.ONT26.C14.P1,0,362231223824,1802,74619448397,up
R1.S1.LT1.PON8.ONT25.C14.P1,0,4210681873240,1208,277140934253,up
R1.S1.LT1.PON1.ONT29.C14.P1,0,0,0,0,down
R1.S1.LT1.PON4.ONT22.C14.P1,0,10306487347763,0,901668770498,up
R1.S1.LT1.PON6.ONT20.C14.P1,0,4125590681538,2132,335909000705,up
R1.S1.LT1.PON8.ONT26.C14.P1,0,4158368614869,16053,353686318523,up
R1.S1.LT1.PON2.ONT29.C14.P1,0,778677582945,0,140358294135,up
R1.S1.LT1.PON3.ONT20.C14.P1,0,463136204796,11008,57356662320,up
R1.S1.LT1.PON4.ONT20.C14.P1,0,2929678456064,17368,280273029692,up
R1.S1.LT1.PON1.ONT28.C14.P1,0,0,0,0,down
R1.S1.LT1.PON2.ONT27.C14.P1,0,2948682524277,0,449826474207,up
R1.S1.LT1.PON1.ONT25.C14.P1,0,978123583404,0,156562252240,up
R1.S1.LT1.PON2.ONT28.C14.P1,0,1555,0,858,up
R1.S1.LT1.PON5.ONT29.C14.P1,0,190706,0,3801898,down
R1.S1.LT1.PON1.ONT26.C14.P1,0,1717832006419,0,294443974602,up
R1.S1.LT1.PON2.ONT25.C14.P1,0,4612094578724,316,618317799188,up
R1.S1.LT1.PON6.ONT29.C14.P1,0,7124662431183,0,487301452011,up
R1.S1.LT1.PON2.ONT26.C14.P1,0,508485614635,0,126844873504,up
R1.S1.LT1.PON3.ONT29.C14.P1,0,0,0,0,down
R1.S1.LT1.PON5.ONT27.C14.P1,0,1444400349625,948,259613124376,up
R1.S1.LT1.PON4.ONT29.C14.P1,0,1526994,0,1344154,down
R1.S1.LT1.PON5.ONT28.C14.P1,0,793827978298,0,64873463543,down
R1.S1.LT1.PON6.ONT27.C14.P1,0,1666195018566,0,115294100007,up
R1.S1.LT1.PON3.ONT27.C14.P1,0,3282443246747,0,701062568098,up
R1.S1.LT1.PON5.ONT25.C14.P1,0,171557647329,0,14023574315,down
R1.S1.LT1.PON6.ONT28.C14.P1,0,1688422820549,0,239910673032,down
R1.S1.LT1.PON3.ONT28.C14.P1,0,1477683311603,0,145241181166,up
R1.S1.LT1.PON4.ONT27.C14.P1,0,2461187321528,316,291372599995,up
R1.S1.LT1.PON5.ONT26.C14.P1,0,0,0,0,down
R1.S1.LT1.PON6.ONT25.C14.P1,0,1380348120022,0,521486936789,up
R1.S1.LT1.PON3.ONT45.C1.P1,0,9428401171,27959140,12382918071,up
R1.S1.LT1.PON3.ONT46.C1.P1,0,0,0,0,down
R1.S1.LT1.PON7.ONT47.C1.P1,0,0,7752846,17812396,up
R1.S1.LT1.PON5.ONT1.C14.P1,0,423940284996,0,87031786949,down
R1.S1.LT1.PON7.ONT7.C14.P1,0,3478463823271,13594,377700973718,up
R1.S1.LT1.PON9.ONT5.C14.P1,0,387870988407,1448,71477092137,up
R1.S1.LT1.PON5.ONT2.C14.P1,0,0,0,0,down
R1.S1.LT1.PON6.ONT1.C14.P1,0,3684610461060,0,560005526091,up
R1.S1.LT1.PON7.ONT8.C14.P1,0,0,0,0,down
R1.S1.LT1.PON8.ONT7.C14.P1,0,1309135342502,15724,117549374387,down
R1.S1.LT1.PON9.ONT6.C14.P1,0,2340414561549,6883,396438493900,up
R1.S1.LT1.PON3.ONT1.C14.P1,0,0,0,0,down
R1.S1.LT1.PON6.ONT2.C14.P1,0,981289388082,0,139779413987,up
R1.S1.LT1.PON7.ONT5.C14.P1,0,0,0,0,down
R1.S1.LT1.PON8.ONT8.C14.P1,0,0,0,0,down
R1.S1.LT1.PON9.ONT3.C14.P1,0,1737673832836,15485,243017707697,up
R1.S1.LT1.PON3.ONT2.C14.P1,0,21392518315564,0,2102359702568,up
R1.S1.LT1.PON4.ONT1.C14.P1,0,2199163369608,25769,760070139424,up
R1.S1.LT1.PON7.ONT6.C14.P1,0,0,0,0,down
R1.S1.LT1.PON8.ONT5.C14.P1,0,0,0,0,down
R1.S1.LT1.PON9.ONT4.C14.P1,0,0,0,0,down
R1.S1.LT1.PON1.ONT9.C14.P1,0,1037013705167,0,252878948061,up
R1.S1.LT1.PON3.ONT30.C1.P1,0,48097291159,97666929,28457495314,up
R1.S1.LT1.PON4.ONT2.C14.P1,0,1730893774192,0,372454232382,up
R1.S1.LT1.PON7.ONT3.C14.P1,0,2672604387436,18233,159912803261,down
R1.S1.LT1.PON8.ONT6.C14.P1,0,405525575097,414,57950879476,up
R1.S1.LT1.PON2.ONT9.C14.P1,0,7307942203980,0,1018252005300,up
R1.S1.LT1.PON7.ONT4.C14.P1,0,959045718780,402,63420721571,down
R1.S1.LT1.PON8.ONT3.C14.P1,0,3014000938770,42511,353401058403,up
R1.S1.LT1.PON1.ONT7.C14.P1,0,0,0,0,down
R1.S1.LT1.PON8.ONT4.C14.P1,0,5301564250542,1316,901853546824,up
R1.S1.LT1.PON1.ONT8.C14.P1,0,0,0,0,down
R1.S1.LT1.PON2.ONT7.C14.P1,0,1149245362170,12166,87331594230,up
R1.S1.LT1.PON1.ONT5.C14.P1,0,29945194,0,72743806,down
R1.S1.LT1.PON2.ONT8.C14.P1,0,2067847527505,22126,370804572252,up
R1.S1.LT1.PON5.ONT9.C14.P1,0,10158,0,7750,down
R1.S1.LT1.PON1.ONT6.C14.P1,0,0,0,0,down
R1.S1.LT1.PON2.ONT5.C14.P1,0,1948820991959,0,155876989264,down
R1.S1.LT1.PON6.ONT9.C14.P1,0,11295525928651,0,832855841411,up
R1.S1.LT1.PON1.ONT3.C14.P1,0,4146237394554,393,380425766430,up
R1.S1.LT1.PON2.ONT6.C14.P1,0,7956557906642,0,917682699304,up
R1.S1.LT1.PON3.ONT9.C14.P1,0,20557356543,0,1205935714,down
R1.S1.LT1.PON5.ONT7.C14.P1,0,65800,0,56698,down
R1.S1.LT1.PON1.ONT4.C14.P1,0,186550504,0,104415064,down
R1.S1.LT1.PON2.ONT3.C14.P1,0,1310804617943,0,217492871054,up
R1.S1.LT1.PON4.ONT9.C14.P1,0,0,0,0,down
R1.S1.LT1.PON5.ONT8.C14.P1,0,1382159154849,0,238342298060,up
R1.S1.LT1.PON6.ONT7.C14.P1,0,27887221730493,0,2530131841537,up
R1.S1.LT1.PON2.ONT4.C14.P1,0,5100632688737,0,385594694489,down
R1.S1.LT1.PON3.ONT7.C14.P1,0,0,0,0,down
R1.S1.LT1.PON5.ONT5.C14.P1,0,4395244060255,0,800598746262,up
R1.S1.LT1.PON6.ONT8.C14.P1,0,1801776217489,0,222302604454,up
R1.S1.LT1.PON3.ONT8.C14.P1,0,3604238486336,0,916322648811,up
R1.S1.LT1.PON4.ONT7.C14.P1,0,0,0,0,down
R1.S1.LT1.PON5.ONT6.C14.P1,0,0,0,0,down
R1.S1.LT1.PON6.ONT5.C14.P1,0,2631082086183,0,424418639869,up
R1.S1.LT1.PON3.ONT5.C14.P1,0,1408296512221,12247,143445688752,down
R1.S1.LT1.PON4.ONT8.C14.P1,0,1165907723786,0,200918951160,up
R1.S1.LT1.PON5.ONT3.C14.P1,0,0,0,0,down
R1.S1.LT1.PON6.ONT6.C14.P1,0,2172958927271,0,215385446627,up
R1.S1.LT1.PON3.ONT6.C14.P1,0,3051071395982,3605,337621189489,up
R1.S1.LT1.PON4.ONT5.C14.P1,0,0,0,0,down
R1.S1.LT1.PON5.ONT4.C14.P1,0,0,0,0,down
R1.S1.LT1.PON6.ONT3.C14.P1,0,352492809809,0,49576387856,down
R1.S1.LT1.PON9.ONT1.C14.P1,0,3332054218151,12244,307582797357,up
R1.S1.LT1.PON9.ONT2.C14.P1,0,3684772859753,18942,335225644097,up
R1.S1.LT1.PON7.ONT1.C14.P1,0,671781225,0,210903380,down
R1.S1.LT1.PON7.ONT2.C14.P1,0,6196040982626,22151,438950366899,up
R1.S1.LT1.PON7.ONT33.C1.P1,0,800929973099,107944692,131163644267,up
R1.S1.LT1.PON8.ONT1.C14.P1,0,2221442557249,16817,493305094596,up
R1.S1.LT1.PON8.ONT2.C14.P1,0,0,0,0,down
R1.S1.LT1.PON1.ONT1.C14.P1,0,0,0,0,down
R1.S1.LT1.PON9.ONT9.C14.P1,0,207139096378,0,16791816508,down
R1.S1.LT1.PON1.ONT2.C14.P1,0,282589050849,0,13370044905,up
R1.S1.LT1.PON2.ONT1.C14.P1,0,3976561174363,10360,261561079702,up
R1.S1.LT1.PON2.ONT2.C14.P1,0,0,0,0,down
R1.S1.LT1.PON7.ONT9.C14.P1,0,9316202113844,32084,1119136271561,up
R1.S1.LT1.PON9.ONT7.C14.P1,0,741735018076,0,46995485220,up
R1.S1.LT1.PON8.ONT9.C14.P1,0,0,0,0,down
R1.S1.LT1.PON9.ONT8.C14.P1,0,0,0,0,down
R1.S1.LT1.PON9.ONT12.C14.P1,0,1560377219630,948,102747937446,up
R1.S1.LT1.PON9.ONT13.C14.P1,0,0,0,0,down
R1.S1.LT1.PON7.ONT12.C14.P1,0,1251868791502,5046,99301302365,up
R1.S1.LT1.PON9.ONT10.C14.P1,0,0,0,0,down
R1.S1.LT1.PON7.ONT13.C14.P1,0,2762115735189,1696,192524934553,up
R1.S1.LT1.PON8.ONT12.C14.P1,0,0,0,0,down
R1.S1.LT1.PON9.ONT11.C14.P1,0,0,0,0,down
R1.S1.LT1.PON7.ONT10.C14.P1,0,0,0,0,down
R1.S1.LT1.PON8.ONT13.C14.P1,0,1186556816615,5533,94676958143,up
R1.S1.LT1.PON7.ONT11.C14.P1,0,0,0,0,down
R1.S1.LT1.PON8.ONT10.C14.P1,0,0,0,0,down
R1.S1.LT1.PON8.ONT11.C14.P1,0,2433254200651,6097,136325664744,up
R1.S1.LT1.PON1.ONT12.C14.P1,0,515496256051,0,53573323507,up
R1.S1.LT1.PON1.ONT13.C14.P1,0,338330452551,0,54246473047,up
R1.S1.LT1.PON2.ONT12.C14.P1,0,0,0,0,down
R1.S1.LT1.PON1.ONT10.C14.P1,0,1587249071433,0,132490022836,up
R1.S1.LT1.PON2.ONT13.C14.P1,0,2869496463009,0,243285813739,up
R1.S1.LT1.PON9.ONT18.C14.P1,0,1364604027810,0,238174837838,up
R1.S1.LT1.PON1.ONT11.C14.P1,0,0,0,0,down
R1.S1.LT1.PON2.ONT10.C14.P1,0,0,0,0,down
R1.S1.LT1.PON9.ONT19.C14.P1,0,177498370851,2212,13678561906,up
R1.S1.LT1.PON3.ONT14.C14.P1,0,1113359159635,0,145490578074,up
R1.S1.LT1.PON4.ONT17.C14.P1,0,451945129904,36747,29503938539,down
R1.S1.LT1.PON6.ONT15.C14.P1,0,2077136962917,0,230201794280,up
R1.S1.LT1.PON3.ONT15.C14.P1,0,370163715913,0,20750542752,down
R1.S1.LT1.PON4.ONT14.C14.P1,0,2365112460518,0,201051884157,up
R1.S1.LT1.PON4.ONT15.C14.P1,0,0,0,0,down
R1.S1.LT1.PON2.ONT11.C14.P1,0,0,0,0,down
R1.S1.LT1.PON5.ONT12.C14.P1,0,5837476693386,0,811270961473,up
R1.S1.LT1.PON7.ONT18.C14.P1,0,0,0,0,down
R1.S1.LT1.PON9.ONT16.C14.P1,0,0,0,0,down
R1.S1.LT1.PON5.ONT13.C14.P1,0,1813792007065,0,165967661099,up
R1.S1.LT1.PON6.ONT12.C14.P1,0,990383121914,0,231817112210,down
R1.S1.LT1.PON7.ONT19.C14.P1,0,555252671979,17537,51777273923,down
R1.S1.LT1.PON8.ONT18.C14.P1,0,0,0,0,down
R1.S1.LT1.PON9.ONT17.C14.P1,0,1619184663489,0,138968502273,up
R1.S1.LT1.PON3.ONT12.C14.P1,0,5124120188831,0,560631267333,up
R1.S1.LT1.PON5.ONT10.C14.P1,0,0,0,0,down
R1.S1.LT1.PON6.ONT13.C14.P1,0,14424463944608,0,1348056919008,up
R1.S1.LT1.PON7.ONT16.C14.P1,0,2003309541305,18407,248047116254,up
R1.S1.LT1.PON8.ONT19.C14.P1,0,0,0,0,down
R1.S1.LT1.PON9.ONT14.C14.P1,0,3426544829491,0,797871080745,up
R1.S1.LT1.PON3.ONT13.C14.P1,0,0,0,0,down
R1.S1.LT1.PON4.ONT12.C14.P1,0,1598572374882,0,914148812422,up
R1.S1.LT1.PON5.ONT11.C14.P1,0,1520837538884,0,143001628190,up
R1.S1.LT1.PON6.ONT10.C14.P1,0,1522030488397,0,116074096265,up
R1.S1.LT1.PON7.ONT17.C14.P1,0,1507103327158,19572,181037479248,up
R1.S1.LT1.PON8.ONT16.C14.P1,0,0,0,0,down
R1.S1.LT1.PON9.ONT15.C14.P1,0,2058264613005,0,200700553363,up
R1.S1.LT1.PON3.ONT10.C14.P1,0,0,0,0,down
R1.S1.LT1.PON4.ONT13.C14.P1,0,1092630189119,0,149496500438,up
R1.S1.LT1.PON6.ONT11.C14.P1,0,2835463578262,0,1413636227955,up
R1.S1.LT1.PON7.ONT14.C14.P1,0,9444393836821,164,739208202261,up
R1.S1.LT1.PON8.ONT17.C14.P1,0,5529494769424,13535,469273418518,up
R1.S1.LT1.PON3.ONT11.C14.P1,0,95390394,632,179769976,up
R1.S1.LT1.PON4.ONT10.C14.P1,0,3554052760421,6597,447388581572,up
R1.S1.LT1.PON7.ONT15.C14.P1,0,0,0,0,down
R1.S1.LT1.PON8.ONT14.C14.P1,0,0,0,0,down
R1.S1.LT1.PON1.ONT18.C14.P1,0,1363231454707,0,123023887899,down
R1.S1.LT1.PON4.ONT11.C14.P1,0,7378628359434,20383,769181887861,up
R1.S1.LT1.PON8.ONT15.C14.P1,0,0,0,0,down
R1.S1.LT1.PON1.ONT19.C14.P1,0,1030338564591,0,91064480107,down
R1.S1.LT1.PON2.ONT18.C14.P1,0,2276603940446,0,119080944619,up
R1.S1.LT1.PON1.ONT16.C14.P1,0,1747083063627,0,165203059807,up
R1.S1.LT1.PON2.ONT19.C14.P1,0,1326534316585,0,158517543334,up
R1.S1.LT1.PON1.ONT17.C14.P1,0,1315987465636,0,133114028359,up
R1.S1.LT1.PON2.ONT16.C14.P1,0,0,0,0,down
R1.S1.LT1.PON2.ONT17.C14.P1,0,0,0,0,down
R1.S1.LT1.PON5.ONT18.C14.P1,0,10680957246,0,1693670653,up
R1.S1.LT1.PON1.ONT15.C14.P1,0,1806050630666,1606,156109452610,up
R1.S1.LT1.PON2.ONT14.C14.P1,0,0,0,0,down
R1.S1.LT1.PON5.ONT19.C14.P1,0,10988011325343,0,768475021398,up
R1.S1.LT1.PON6.ONT18.C14.P1,0,5208805698728,0,304588669390,up
R1.S1.LT1.PON2.ONT15.C14.P1,0,428844987360,0,68508003749,down
R1.S1.LT1.PON3.ONT18.C14.P1,0,1861796030518,3374,256248808548,up
R1.S1.LT1.PON5.ONT16.C14.P1,0,45309876,0,129359764,down
R1.S1.LT1.PON6.ONT19.C14.P1,0,4152055691222,1222,417262307718,up
R1.S1.LT1.PON3.ONT19.C14.P1,0,0,0,0,down
R1.S1.LT1.PON4.ONT18.C14.P1,0,847545474240,816,53290080534,up
R1.S1.LT1.PON5.ONT17.C14.P1,0,11034927209800,11069,771644982464,up
R1.S1.LT1.PON6.ONT16.C14.P1,0,3476067507036,0,894981725441,up
R1.S1.LT1.PON3.ONT16.C14.P1,0,0,0,0,down
R1.S1.LT1.PON4.ONT19.C14.P1,0,1730033514512,26973,355827342752,up
R1.S1.LT1.PON5.ONT14.C14.P1,0,2238292309794,0,59062383965,up
R1.S1.LT1.PON6.ONT17.C14.P1,0,1872911784294,632,123700164453,up
R1.S1.LT1.PON3.ONT17.C14.P1,0,118265566535,55134,15996828810,down
R1.S1.LT1.PON4.ONT16.C14.P1,0,4242319952594,0,489564330877,up
R1.S1.LT1.PON5.ONT15.C14.P1,0,0,0,0,down
R1.S1.LT1.PON6.ONT14.C14.P1,0,313127660466,0,25417664455,down
R1.S1.LT1.PON9.ONT56.C14.P1,0,5457360359180,2528,484272904803,up
R1.S1.LT1.PON9.ONT57.C14.P1,0,1619147403450,1896,167614245300,up
R1.S1.LT1.PON7.ONT56.C14.P1,0,343697402305,0,24682699569,up
R1.S1.LT1.PON9.ONT54.C14.P1,0,5517633521349,0,562132335926,up
R1.S1.LT1.PON7.ONT57.C14.P1,0,19688888,0,109392850,up
R1.S1.LT1.PON8.ONT56.C14.P1,0,152260706468,0,225949496842,up
R1.S1.LT1.PON9.ONT55.C14.P1,0,1596690813211,316,229509314401,up
R1.S1.LT1.PON7.ONT54.C14.P1,0,737182610911,0,31280759203,up
R1.S1.LT1.PON8.ONT57.C14.P1,0,45869813101,0,2678403007,down
R1.S1.LT1.PON9.ONT52.C14.P1,0,7007171461826,316,785985383818,up
R1.S1.LT1.PON7.ONT55.C14.P1,0,59305274156,0,70339909679,up
R1.S1.LT1.PON8.ONT54.C14.P1,0,10556930666,0,398536481,down
R1.S1.LT1.PON9.ONT53.C14.P1,0,2919430321360,316,306493044368,up
R1.S1.LT1.PON7.ONT52.C14.P1,0,1168015889414,0,95441822651,up
R1.S1.LT1.PON8.ONT55.C14.P1,0,123449527686,0,7735056051,up
R1.S1.LT1.PON9.ONT50.C14.P1,0,3400159761808,4264,196695588252,up
R1.S1.LT1.PON7.ONT53.C14.P1,0,2750226701776,0,177673885035,up
R1.S1.LT1.PON8.ONT52.C14.P1,0,1960187580669,0,111488158595,down
R1.S1.LT1.PON9.ONT51.C14.P1,0,895039903291,1580,186403431182,up
R1.S1.LT1.PON7.ONT50.C14.P1,0,0,0,0,down
R1.S1.LT1.PON8.ONT53.C14.P1,0,1720097561806,0,338246808230,up
R1.S1.LT1.PON2.ONT56.C14.P1,0,9262592656,0,228560689,up
R1.S1.LT1.PON7.ONT51.C14.P1,0,24619858745795,0,2320943457699,up
R1.S1.LT1.PON8.ONT50.C14.P1,0,2643702519107,0,156006442312,up
R1.S1.LT1.PON8.ONT51.C14.P1,0,2978820077129,316,180773199346,up
R1.S1.LT1.PON2.ONT54.C14.P1,0,62683173984,0,5565156939,up
R1.S1.LT1.PON16.ONT59.C1.P1,0,0,0,0,down
R1.S1.LT1.PON9.ONT45.C14.P1,0,12568910998326,0,1057245846147,up
R1.S1.LT1.PON9.ONT46.C14.P1,0,899283715820,0,77530419775,up
R1.S1.LT1.PON7.ONT45.C14.P1,0,929520309936,0,100976838628,up
R1.S1.LT1.PON9.ONT43.C14.P1,0,4840726603687,632,606415529424,up
R1.S1.LT1.PON7.ONT46.C14.P1,0,101331104,316,280815650,up
R1.S1.LT1.PON8.ONT45.C14.P1,0,4182294717716,0,618096786792,up
R1.S1.LT1.PON9.ONT44.C14.P1,0,811586249435,0,97667332111,up
R1.S1.LT1.PON7.ONT43.C14.P1,0,0,0,0,down
R1.S1.LT1.PON8.ONT46.C14.P1,0,3124072965844,0,316628944096,up
R1.S1.LT1.PON9.ONT41.C14.P1,0,5149127447189,632,575905435454,up
R1.S1.LT1.PON7.ONT44.C14.P1,0,1071674328242,0,142429349949,up
R1.S1.LT1.PON8.ONT43.C14.P1,0,249401796332,0,29740943431,up
R1.S1.LT1.PON9.ONT42.C14.P1,0,2313921523430,0,66985221465,up
R1.S1.LT1.PON7.ONT41.C14.P1,0,308599905791,0,34121234031,up
R1.S1.LT1.PON8.ONT44.C14.P1,0,0,0,0,down
R1.S1.LT1.PON7.ONT42.C14.P1,0,0,0,0,down
R1.S1.LT1.PON8.ONT41.C14.P1,0,4808052185246,0,681009520079,up
R1.S1.LT1.PON9.ONT40.C14.P1,0,3267993753566,0,305805535427,up
R1.S1.LT1.PON1.ONT45.C14.P1,0,25100982862,0,12728748788,down
R1.S1.LT1.PON8.ONT42.C14.P1,0,558086416025,17111,110935256413,down
R1.S1.LT1.PON12.ONT1.C14.P1,0,0,0,0,down
R1.S1.LT1.PON1.ONT46.C14.P1,0,100982426339,0,16602812522,up
R1.S1.LT1.PON2.ONT45.C14.P1,0,1304779135482,0,112501774277,up
R1.S1.LT1.PON7.ONT40.C14.P1,0,91897524413,0,9967627652,down
R1.S1.LT1.PON12.ONT2.C14.P1,0,1568350167515,3506,116150473200,up
R1.S1.LT1.PON13.ONT1.C14.P1,0,0,0,0,down
R1.S1.LT1.PON1.ONT43.C14.P1,0,992788515898,0,675967341306,up
R1.S1.LT1.PON2.ONT46.C14.P1,0,79933771,0,165976445,up
R1.S1.LT1.PON8.ONT40.C14.P1,0,1240448905234,0,164494948889,up
R1.S1.LT1.PON10.ONT1.C14.P1,0,0,0,0,down
R1.S1.LT1.PON13.ONT2.C14.P1,0,1263830964711,41071,155132775856,down
R1.S1.LT1.PON1.ONT44.C14.P1,0,248896429772,0,21800060256,up
R1.S1.LT1.PON2.ONT43.C14.P1,0,2239679,0,5362001,down
R1.S1.LT1.PON10.ONT2.C14.P1,0,1635227551783,17239,227212617077,up
R1.S1.LT1.PON11.ONT1.C14.P1,0,6268942925813,30182,570906123424,up
R1.S1.LT1.PON2.ONT55.C14.P1,0,218115515151,0,22013161487,up
R1.S1.LT1.PON2.ONT52.C14.P1,0,58314376248,0,6159608683,down
R1.S1.LT1.PON2.ONT53.C14.P1,0,63988242460,0,2773299434,up
R1.S1.LT1.PON9.ONT58.C14.P1,0,4960283194135,0,1501733412643,up
R1.S1.LT1.PON16.ONT41.C1.P1,0,875257209489,3824510,93946971274,up
R1.S1.LT1.PON2.ONT50.C14.P1,0,349638325598,0,107669313005,down
R1.S1.LT1.PON9.ONT59.C14.P1,0,1172249576386,0,111070197542,up
R1.S1.LT1.PON2.ONT51.C14.P1,0,11427069778,0,467850523,up
R1.S1.LT1.PON3.ONT54.C14.P1,0,14302533714,0,1210117534,down
R1.S1.LT1.PON7.ONT58.C14.P1,0,464534358,0,1731345568,up
R1.S1.LT1.PON3.ONT55.C14.P1,0,834216774,0,1894963532,up
R1.S1.LT1.PON4.ONT54.C14.P1,0,2221570976041,0,177485699272,up
R1.S1.LT1.PON7.ONT59.C14.P1,0,180912567491,0,16556430799,up
R1.S1.LT1.PON3.ONT52.C14.P1,0,1772404478825,0,174386991907,up
R1.S1.LT1.PON5.ONT50.C14.P1,0,697344314288,1580,33054425755,up
R1.S1.LT1.PON3.ONT53.C14.P1,0,6106719530470,0,533164467324,down
R1.S1.LT1.PON4.ONT52.C14.P1,0,1011908317766,0,31167601228,up
R1.S1.LT1.PON3.ONT50.C14.P1,0,967510929179,0,132804997357,up
R1.S1.LT1.PON4.ONT53.C14.P1,0,762291357018,0,73067387798,up
R1.S1.LT1.PON3.ONT51.C14.P1,0,1130878246261,0,76042050645,down
R1.S1.LT1.PON4.ONT50.C14.P1,0,1192480348606,0,80365420302,up
R1.S1.LT1.PON4.ONT51.C14.P1,0,2471207617931,0,144922035644,up
R1.S1.LT1.PON3.ONT47.C14.P1,0,1314077563320,0,655031584974,up
R1.S1.LT1.PON14.ONT3.C14.P1,0,1095761002999,3746,216628126054,up
R1.S1.LT1.PON15.ONT6.C14.P1,0,917087453320,16264,127482285919,down
R1.S1.LT1.PON3.ONT48.C14.P1,0,1065268492633,0,201924986741,up
R1.S1.LT1.PON4.ONT47.C14.P1,0,757778617,0,2559246090,down
R1.S1.LT1.PON14.ONT4.C14.P1,0,3170285560121,8322,531306600957,up
R1.S1.LT1.PON15.ONT3.C14.P1,0,7951406309488,27580,927842600943,up
R1.S1.LT1.PON4.ONT48.C14.P1,0,87946049847,0,9755560760,up
R1.S1.LT1.PON15.ONT4.C14.P1,0,115745535320,11032,6142296399,down
R1.S1.LT1.PON9.ONT34.C14.P1,0,3790566390,0,149745180,down
R1.S1.LT1.PON9.ONT35.C14.P1,0,4954880253907,1580,476899274267,up
R1.S1.LT1.PON7.ONT34.C14.P1,0,977901463722,64,341998940445,up
R1.S1.LT1.PON9.ONT32.C14.P1,0,2307001643113,0,285714022291,up
R1.S1.LT1.PON7.ONT35.C14.P1,0,833861956231,0,36324101779,up
R1.S1.LT1.PON8.ONT34.C14.P1,0,617481014308,9691,92964094627,down
R1.S1.LT1.PON9.ONT33.C14.P1,0,926127260153,0,107851905802,up
R1.S1.LT1.PON7.ONT32.C14.P1,0,3588895248998,0,468271279104,up
R1.S1.LT1.PON8.ONT35.C14.P1,0,1014269419267,0,117264224685,down
R1.S1.LT1.PON9.ONT30.C14.P1,0,9334244,0,15571416,down
R1.S1.LT1.PON8.ONT32.C14.P1,0,4262597239058,0,555357875278,up
R1.S1.LT1.PON9.ONT31.C14.P1,0,401857561141,0,41911318624,up
R1.S1.LT1.PON7.ONT30.C14.P1,0,0,0,0,down
R1.S1.LT1.PON8.ONT33.C14.P1,0,3720431995303,18302,829918625735,up
R1.S1.LT1.PON7.ONT31.C14.P1,0,0,0,0,down
R1.S1.LT1.PON8.ONT30.C14.P1,0,315592084365,948,18326866553,up
R1.S1.LT1.PON1.ONT34.C14.P1,0,4902831010245,0,179246993915,up
R1.S1.LT1.PON8.ONT31.C14.P1,0,1962716120985,0,58110747262,up
R1.S1.LT1.PON1.ONT35.C14.P1,0,257112124429,0,28968901622,down
R1.S1.LT1.PON2.ONT34.C14.P1,0,3619327867863,316,229384260412,up
R1.S1.LT1.PON1.ONT32.C14.P1,0,32713178497707,0,2687534652380,up
R1.S1.LT1.PON2.ONT35.C14.P1,0,1694361263301,0,112021113618,up
R1.S1.LT1.PON1.ONT33.C14.P1,0,1109287423019,0,118040102717,up
R1.S1.LT1.PON1.ONT41.C14.P1,0,510680583430,0,68800386152,up
R1.S1.LT1.PON2.ONT44.C14.P1,0,67034462431,316,6754600118,up
R1.S1.LT1.PON5.ONT45.C14.P1,0,13558133,0,45215151,down
R1.S1.LT1.PON9.ONT49.C14.P1,0,0,0,0,down
R1.S1.LT1.PON11.ONT2.C14.P1,0,2997360608539,33206,265599874944,up
R1.S1.LT1.PON16.ONT1.C14.P1,0,621736536075,34753,67022711418,down
R1.S1.LT1.PON1.ONT42.C14.P1,0,720627825585,0,111663407478,up
R1.S1.LT1.PON2.ONT41.C14.P1,0,1044877949737,0,350240825778,up
R1.S1.LT1.PON5.ONT46.C14.P1,0,405708090874,0,99206077240,up
R1.S1.LT1.PON16.ONT2.C14.P1,0,0,0,0,down
R1.S1.LT1.PON2.ONT42.C14.P1,0,676457607418,0,46187765066,up
R1.S1.LT1.PON5.ONT43.C14.P1,0,845394431937,632,1055161381566,down
R1.S1.LT1.PON7.ONT49.C14.P1,0,0,0,0,down
R1.S1.LT1.PON9.ONT47.C14.P1,0,1249178162240,0,94598556541,down
R1.S1.LT1.PON14.ONT1.C14.P1,0,0,0,0,down
R1.S1.LT1.PON1.ONT40.C14.P1,0,1294757473160,0,91019888525,up
R1.S1.LT1.PON4.ONT45.C14.P1,0,5780100770657,1896,344650590952,up
R1.S1.LT1.PON5.ONT44.C14.P1,0,2754856718250,948,129312597039,up
R1.S1.LT1.PON8.ONT49.C14.P1,0,921743933948,0,240843152470,down
R1.S1.LT1.PON9.ONT48.C14.P1,0,847377218059,0,69946971690,up
R1.S1.LT1.PON14.ONT2.C14.P1,0,0,0,0,down
R1.S1.LT1.PON15.ONT1.C14.P1,0,0,0,0,down
R1.S1.LT1.PON2.ONT40.C14.P1,0,112173366,632,370194672,up
R1.S1.LT1.PON3.ONT43.C14.P1,0,0,0,0,down
R1.S1.LT1.PON4.ONT46.C14.P1,0,712634714865,0,86179277245,down
R1.S1.LT1.PON5.ONT41.C14.P1,0,2341126652254,0,216992213536,up
R1.S1.LT1.PON12.ONT9.C14.P1,0,0,0,0,down
R1.S1.LT1.PON15.ONT2.C14.P1,0,0,0,0,down
R1.S1.LT1.PON3.ONT44.C14.P1,0,49086750723,0,3942751603,down
R1.S1.LT1.PON4.ONT43.C14.P1,0,1967195100032,0,383517935972,up
R1.S1.LT1.PON5.ONT42.C14.P1,0,4272878710454,2212,291366706005,up
R1.S1.LT1.PON6.ONT41.C14.P1,0,71486607,0,7440911,down
R1.S1.LT1.PON7.ONT48.C14.P1,0,0,0,0,down
R1.S1.LT1.PON8.ONT47.C14.P1,0,545483922,0,127516002,down
R1.S1.LT1.PON13.ONT9.C14.P1,0,776985272765,3976,96398641816,down
R1.S1.LT1.PON3.ONT41.C14.P1,0,2327696541088,0,251135169225,up
R1.S1.LT1.PON4.ONT44.C14.P1,0,6435510163010,0,1505624169192,up
R1.S1.LT1.PON8.ONT48.C14.P1,0,0,0,0,down
R1.S1.LT1.PON10.ONT9.C14.P1,0,0,0,0,down
R1.S1.LT1.PON12.ONT7.C14.P1,0,0,0,0,down
R1.S1.LT1.PON3.ONT42.C14.P1,0,228037748729,0,52237881275,down
R1.S1.LT1.PON4.ONT41.C14.P1,0,0,0,0,down
R1.S1.LT1.PON5.ONT40.C14.P1,0,1335182221420,0,147130001886,up
R1.S1.LT1.PON11.ONT9.C14.P1,0,0,0,0,down
R1.S1.LT1.PON12.ONT8.C14.P1,0,12747145009416,58389,877468390207,down
R1.S1.LT1.PON13.ONT7.C14.P1,0,506942127121,0,69704850744,up
R1.S1.LT1.PON4.ONT42.C14.P1,0,1897591226102,0,195241757159,up
R1.S1.LT1.PON6.ONT40.C14.P1,0,151971622154,0,25852344036,up
R1.S1.LT1.PON10.ONT7.C14.P1,0,5405680524988,4648,430567344250,up
R1.S1.LT1.PON12.ONT5.C14.P1,0,412255127413,4386,36881512120,down
R1.S1.LT1.PON13.ONT8.C14.P1,0,961582958011,3660,208101264352,up
R1.S1.LT1.PON16.ONT9.C14.P1,0,0,0,0,down
R1.S1.LT1.PON2.ONT49.C14.P1,0,244239999275,0,68772672663,up
R1.S1.LT1.PON3.ONT40.C14.P1,0,32617987046,0,8340340425,down
R1.S1.LT1.PON10.ONT8.C14.P1,0,6204435658012,19492,749722710048,down
R1.S1.LT1.PON11.ONT7.C14.P1,0,1068576877232,4514,112698235007,up
R1.S1.LT1.PON12.ONT6.C14.P1,0,497775776245,4258,82204162144,up
R1.S1.LT1.PON13.ONT5.C14.P1,0,0,0,0,down
R1.S1.LT1.PON1.ONT47.C14.P1,0,96444155172,0,13199710671,up
R1.S1.LT1.PON4.ONT40.C14.P1,0,828851696305,0,179762968867,up
R1.S1.LT1.PON10.ONT5.C14.P1,0,0,0,0,down
R1.S1.LT1.PON11.ONT8.C14.P1,0,0,0,0,down
R1.S1.LT1.PON12.ONT3.C14.P1,0,0,0,0,down
R1.S1.LT1.PON13.ONT6.C14.P1,0,6289457458699,52963,412517309993,down
R1.S1.LT1.PON14.ONT9.C14.P1,0,0,0,0,down
R1.S1.LT1.PON16.ONT7.C14.P1,0,0,0,0,down
R1.S1.LT1.PON2.ONT47.C14.P1,0,252351133929,0,22853022213,up
R1.S1.LT1.PON10.ONT6.C14.P1,0,629889640726,0,36312977951,up
R1.S1.LT1.PON11.ONT5.C14.P1,0,2433274320044,20104,469111431801,up
R1.S1.LT1.PON12.ONT4.C14.P1,0,27569887045628,20741,2939210764660,down
R1.S1.LT1.PON13.ONT3.C14.P1,0,1971889797610,37856,135396758385,down
R1.S1.LT1.PON15.ONT9.C14.P1,0,27801749586767,5299,2536127857237,up
R1.S1.LT1.PON16.ONT8.C14.P1,0,0,0,0,down
R1.S1.LT1.PON2.ONT48.C14.P1,0,43828443239,0,11481400137,up
R1.S1.LT1.PON5.ONT49.C14.P1,0,783665156931,316,89058846105,up
R1.S1.LT1.PON10.ONT3.C14.P1,0,390474503167,14744,95261512696,up
R1.S1.LT1.PON11.ONT6.C14.P1,0,0,0,0,down
R1.S1.LT1.PON13.ONT4.C14.P1,0,0,0,0,down
R1.S1.LT1.PON14.ONT7.C14.P1,0,0,0,0,down
R1.S1.LT1.PON16.ONT5.C14.P1,0,101742,0,342386,down
R1.S1.LT1.PON10.ONT4.C14.P1,0,0,0,0,down
R1.S1.LT1.PON11.ONT3.C14.P1,0,932500004675,5233,111967829282,up
R1.S1.LT1.PON14.ONT8.C14.P1,0,0,0,0,down
R1.S1.LT1.PON15.ONT7.C14.P1,0,8970923040633,0,1765012554092,up
R1.S1.LT1.PON16.ONT6.C14.P1,0,0,0,0,down
R1.S1.LT1.PON3.ONT49.C14.P1,0,597766388956,632,119080530873,up
R1.S1.LT1.PON5.ONT47.C14.P1,0,986299374953,0,252066834302,down
R1.S1.LT1.PON11.ONT4.C14.P1,0,2004619888148,4108,176638805897,up
R1.S1.LT1.PON14.ONT5.C14.P1,0,0,0,0,down
R1.S1.LT1.PON15.ONT8.C14.P1,0,3203011380976,18914,287293655302,up
R1.S1.LT1.PON16.ONT3.C14.P1,0,0,0,0,down
R1.S1.LT1.PON4.ONT49.C14.P1,0,1760660083,0,334512204,down
R1.S1.LT1.PON5.ONT48.C14.P1,0,1225596021070,0,304588838996,up
R1.S1.LT1.PON14.ONT6.C14.P1,0,0,0,0,down
R1.S1.LT1.PON15.ONT5.C14.P1,0,6331426402820,0,971966459701,up
R1.S1.LT1.PON16.ONT4.C14.P1,0,897703812453,1947,161632131220,down
R1.S1.LT1.PON3.ONT36.C14.P1,0,2909260857996,0,141057115094,up
R1.S1.LT1.PON4.ONT39.C14.P1,0,14796140940,0,431285385,down
R1.S1.LT1.PON6.ONT37.C14.P1,0,406915205712,0,38025473045,up
R1.S1.LT1.PON3.ONT37.C14.P1,0,537662686353,0,59405532982,up
R1.S1.LT1.PON4.ONT36.C14.P1,0,390396462653,0,56462614878,up
R1.S1.LT1.PON4.ONT37.C14.P1,0,452037430933,0,506429826228,down
R1.S1.LT1.PON9.ONT23.C14.P1,0,3225328129455,948,255427863057,up
R1.S1.LT1.PON9.ONT24.C14.P1,0,5461322300025,0,390150674834,up
R1.S1.LT1.PON7.ONT23.C14.P1,0,0,0,0,down
R1.S1.LT1.PON9.ONT21.C14.P1,0,3017,0,1497,down
R1.S1.LT1.PON7.ONT24.C14.P1,0,5708912993264,18024,819058450025,up
R1.S1.LT1.PON8.ONT23.C14.P1,0,0,0,0,down
R1.S1.LT1.PON9.ONT22.C14.P1,0,2173246023726,0,360506973727,up
R1.S1.LT1.PON7.ONT21.C14.P1,0,2087963767468,20301,201525059524,up
R1.S1.LT1.PON8.ONT24.C14.P1,0,0,0,0,down
R1.S1.LT1.PON7.ONT22.C14.P1,0,0,0,0,down
R1.S1.LT1.PON8.ONT21.C14.P1,0,255900982450,402,40756088985,up
R1.S1.LT1.PON9.ONT20.C14.P1,0,2656512635030,1896,288598262463,up
R1.S1.LT1.PON8.ONT22.C14.P1,0,2322647095257,23426,242553235794,up
R1.S1.LT1.PON7.ONT20.C14.P1,0,3397302943479,0,254742539873,up
R1.S1.LT1.PON1.ONT23.C14.P1,0,1647401968971,0,171505505039,up
R1.S1.LT1.PON8.ONT20.C14.P1,0,2455440163551,7208,708700300806,up
R1.S1.LT1.PON1.ONT24.C14.P1,0,0,0,0,down
R1.S1.LT1.PON2.ONT23.C14.P1,0,1711927941158,0,82190446160,up
R1.S1.LT1.PON1.ONT21.C14.P1,0,619961330898,0,112343597531,down
R1.S1.LT1.PON2.ONT24.C14.P1,0,797259710566,0,41909277930,up
R1.S1.LT1.PON9.ONT29.C14.P1,0,1122098505662,0,165985184638,up
R1.S1.LT1.PON1.ONT22.C14.P1,0,0,0,0,down
R1.S1.LT1.PON2.ONT21.C14.P1,0,750815380157,0,219874605733,up
R1.S1.LT1.PON1.ONT30.C14.P1,0,942731426176,0,34826432101,up
R1.S1.LT1.PON2.ONT33.C14.P1,0,149091312819,0,14209415713,up
R1.S1.LT1.PON5.ONT34.C14.P1,0,3627572909994,0,234278825111,down
R1.S1.LT1.PON9.ONT38.C14.P1,0,0,0,0,down
R1.S1.LT1.PON1.ONT31.C14.P1,0,19950370734971,0,1651124171264,up
R1.S1.LT1.PON2.ONT30.C14.P1,0,1868488130075,0,141841430240,up
R1.S1.LT1.PON5.ONT35.C14.P1,0,0,0,0,down
R1.S1.LT1.PON6.ONT34.C14.P1,0,117627640606,0,9731976060,up
R1.S1.LT1.PON9.ONT39.C14.P1,0,6080003733872,0,658380737589,up
R1.S1.LT1.PON2.ONT31.C14.P1,0,742931517086,0,258512107803,up
R1.S1.LT1.PON3.ONT34.C14.P1,0,2704647,0,6377247,down
R1.S1.LT1.PON5.ONT32.C14.P1,0,2104641336208,0,156225574453,up
R1.S1.LT1.PON6.ONT35.C14.P1,0,762288801777,0,70688651225,down
R1.S1.LT1.PON7.ONT38.C14.P1,0,0,0,0,down
R1.S1.LT1.PON9.ONT36.C14.P1,0,0,0,0,down
R1.S1.LT1.PON3.ONT35.C14.P1,0,57907943841,0,9669524908,up
R1.S1.LT1.PON4.ONT34.C14.P1,0,145211151955,0,32759564818,up
R1.S1.LT1.PON5.ONT33.C14.P1,0,756822,0,6049384,down
R1.S1.LT1.PON6.ONT32.C14.P1,0,3626464492806,316,338567512683,up
R1.S1.LT1.PON7.ONT39.C14.P1,0,0,0,0,down
R1.S1.LT1.PON8.ONT38.C14.P1,0,0,0,0,down
R1.S1.LT1.PON9.ONT37.C14.P1,0,5302224087867,0,445509306934,up
R1.S1.LT1.PON3.ONT32.C14.P1,0,392907601685,0,226486898112,up
R1.S1.LT1.PON4.ONT35.C14.P1,0,4279905885237,0,452398448615,up
R1.S1.LT1.PON5.ONT30.C14.P1,0,9903537999070,0,1271682603361,up
R1.S1.LT1.PON6.ONT33.C14.P1,0,131964607992,0,25286679276,down
R1.S1.LT1.PON7.ONT36.C14.P1,0,0,0,0,down
R1.S1.LT1.PON8.ONT39.C14.P1,0,1651058904129,11765,141494075409,up
R1.S1.LT1.PON3.ONT33.C14.P1,0,1179351765697,0,133212002655,up
R1.S1.LT1.PON4.ONT32.C14.P1,0,1885006755799,0,190441855583,up
R1.S1.LT1.PON5.ONT31.C14.P1,0,27587460041126,632,3458392267972,up
R1.S1.LT1.PON6.ONT30.C14.P1,0,2096710685952,0,177612918676,up
R1.S1.LT1.PON7.ONT37.C14.P1,0,125406980670,0,31981490620,up
R1.S1.LT1.PON8.ONT36.C14.P1,0,43057528396266,0,4640593770997,up
R1.S1.LT1.PON4.ONT33.C14.P1,0,505119531820,948,114938531446,up
R1.S1.LT1.PON6.ONT31.C14.P1,0,2535428234262,0,555268217532,up
R1.S1.LT1.PON8.ONT37.C14.P1,0,698410820671,0,37311423975,down
R1.S1.LT1.PON3.ONT31.C14.P1,0,284619295334,0,66142435832,up
R1.S1.LT1.PON4.ONT30.C14.P1,0,2371739098279,1500,458076742175,up
R1.S1.LT1.PON1.ONT38.C14.P1,0,1310539073678,0,134368461773,up
R1.S1.LT1.PON4.ONT31.C14.P1,0,254864003347,0,74610454924,down
R1.S1.LT1.PON1.ONT39.C14.P1,0,443600920176,0,35753421840,down
R1.S1.LT1.PON2.ONT38.C14.P1,0,700938625838,0,70944145513,up
R1.S1.LT1.PON1.ONT36.C14.P1,0,123873168081,316,12342031055,up
R1.S1.LT1.PON2.ONT39.C14.P1,0,2291516528079,0,960485424933,down
R1.S1.LT1.PON1.ONT37.C14.P1,0,1019408749579,0,41008281462,up
R1.S1.LT1.PON2.ONT36.C14.P1,0,393368787106,0,62945503466,up
R1.S1.LT1.PON2.ONT37.C14.P1,0,580042078082,0,68099531616,down
R1.S1.LT1.PON5.ONT38.C14.P1,0,19471799184285,0,2756357959324,up
R1.S1.LT1.PON5.ONT39.C14.P1,0,54396245808,948,7965607050,down
R1.S1.LT1.PON6.ONT38.C14.P1,0,94931502516,0,5659870860,up
R1.S1.LT1.PON3.ONT38.C14.P1,0,20678962480137,0,1908826651265,up
R1.S1.LT1.PON5.ONT36.C14.P1,0,0,0,0,down
R1.S1.LT1.PON6.ONT39.C14.P1,0,14222731013,0,15608141992,up
R1.S1.LT1.PON3.ONT39.C14.P1,0,0,0,0,down
R1.S1.LT1.PON4.ONT38.C14.P1,0,4732293286654,0,370430266547,up
R1.S1.LT1.PON5.ONT37.C14.P1,0,567098022023,0,50046466013,down
R1.S1.LT1.PON6.ONT36.C14.P1,0,72016691809,0,31503235903,up
R1.S1.LT1.PON9.ONT63.C14.P1,0,1003054222566,0,75822912460,up
R1.S1.LT1.PON9.ONT64.C14.P1,0,58677383159,0,13129732510,up
R1.S1.LT1.PON9.ONT61.C14.P1,0,489218799686,0,45830393330,up
R1.S1.LT1.PON9.ONT62.C14.P1,0,1852346010,0,1142651253,down
R1.S1.LT1.PON13.ONT56.C1.P1,0,1570112,21407,1437314,down
R1.S1.LT1.PON9.ONT60.C14.P1,0,3238379780395,0,207468826195,up
R1.S1.LT1.PON7.ONT60.C14.P1,0,205740876217,0,18496422903,up
R1.S1.LT1.PON14.ONT14.C14.P1,0,0,0,0,down
R1.S1.LT1.PON15.ONT17.C14.P1,0,7511889960175,34892,804896902620,down
R1.S1.LT1.PON14.ONT15.C14.P1,0,0,0,0,down
R1.S1.LT1.PON15.ONT14.C14.P1,0,895120298254,564,87613144181,up
R1.S1.LT1.PON15.ONT15.C14.P1,0,32268090638071,34485,3424659122580,up
R1.S1.LT1.PON10.ONT43.C14.P1,0,3961005965745,0,427373668250,up
R1.S1.LT1.PON11.ONT46.C14.P1,0,381241057441,5113,79164487908,up
R1.S1.LT1.PON13.ONT44.C14.P1,0,919865127801,0,101664449855,up
R1.S1.LT1.PON16.ONT45.C14.P1,0,812072087870,0,95607203805,down
R1.S1.LT1.PON10.ONT44.C14.P1,0,1319323954853,0,159621019151,down
R1.S1.LT1.PON11.ONT43.C14.P1,0,0,0,0,down
R1.S1.LT1.PON13.ONT41.C14.P1,0,534722237064,0,112190570872,up
R1.S1.LT1.PON16.ONT46.C14.P1,0,507802147859,0,56447907399,down
R1.S1.LT1.PON10.ONT41.C14.P1,0,2215252882742,0,269222759717,up
R1.S1.LT1.PON11.ONT44.C14.P1,0,2780130248319,14255,263856881619,up
R1.S1.LT1.PON13.ONT42.C14.P1,0,3375287319281,0,270179755626,up
R1.S1.LT1.PON14.ONT45.C14.P1,0,2841417137310,0,241590403065,up
R1.S1.LT1.PON16.ONT43.C14.P1,0,0,0,0,down
R1.S1.LT1.PON10.ONT42.C14.P1,0,32674818694633,316,2548178065923,up
R1.S1.LT1.PON11.ONT41.C14.P1,0,0,0,0,down
R1.S1.LT1.PON12.ONT40.C14.P1,0,1902075316991,0,204463907430,up
R1.S1.LT1.PON14.ONT46.C14.P1,0,624626048863,0,55372440051,down
R1.S1.LT1.PON15.ONT45.C14.P1,0,1587955769682,0,129034625835,up
R1.S1.LT1.PON16.ONT44.C14.P1,0,0,0,0,down
R1.S1.LT1.PON11.ONT42.C14.P1,0,2372172507779,19315,413604921101,up
R1.S1.LT1.PON13.ONT40.C14.P1,0,0,0,0,down
R1.S1.LT1.PON14.ONT43.C14.P1,0,1794845084995,0,111855515375,up
R1.S1.LT1.PON15.ONT46.C14.P1,0,0,0,0,down
R1.S1.LT1.PON10.ONT40.C14.P1,0,1662362210614,0,101074522691,up
R1.S1.LT1.PON14.ONT44.C14.P1,0,370698478019,0,28854196644,down
R1.S1.LT1.PON15.ONT43.C14.P1,0,545989232709,0,41363408353,up
R1.S1.LT1.PON16.ONT42.C14.P1,0,1162760166251,316,182126026900,up
R1.S1.LT1.PON11.ONT40.C14.P1,0,0,0,0,down
R1.S1.LT1.PON14.ONT41.C14.P1,0,606676403190,0,83280147240,up
R1.S1.LT1.PON15.ONT44.C14.P1,0,0,0,0,down
R1.S1.LT1.PON14.ONT42.C14.P1,0,212857663735,0,35086608315,up
R1.S1.LT1.PON15.ONT41.C14.P1,0,210933128646,0,61354548309,down
R1.S1.LT1.PON16.ONT40.C14.P1,0,2203259011793,0,193844238569,up
R1.S1.LT1.PON15.ONT42.C14.P1,0,1466038160408,0,241421162542,up
R1.S1.LT1.PON13.ONT49.C14.P1,0,617333,0,2358879,down
R1.S1.LT1.PON14.ONT40.C14.P1,0,676896203021,0,51298615690,up
R1.S1.LT1.PON10.ONT49.C14.P1,0,0,0,0,down
R1.S1.LT1.PON15.ONT40.C14.P1,0,1106479613710,2844,127218828226,up
R1.S1.LT1.PON11.ONT49.C14.P1,0,0,0,0,down
R1.S1.LT1.PON13.ONT47.C14.P1,0,2570684810675,0,132029999408,up
R1.S1.LT1.PON10.ONT47.C14.P1,0,656020967301,0,138604004560,up
R1.S1.LT1.PON13.ONT48.C14.P1,0,2348281268731,0,169673263408,up
R1.S1.LT1.PON16.ONT49.C14.P1,0,3695188263327,632,334495818537,up
R1.S1.LT1.PON10.ONT48.C14.P1,0,16305619412,0,2579246172,up
R1.S1.LT1.PON11.ONT47.C14.P1,0,1277374844990,3976,54818882325,down
R1.S1.LT1.PON11.ONT48.C14.P1,0,5258462364965,21411,575842027410,up
R1.S1.LT1.PON14.ONT49.C14.P1,0,75656870993,0,9861353006,up
R1.S1.LT1.PON16.ONT47.C14.P1,0,4178458290587,0,352355509908,down
R1.S1.LT1.PON15.ONT49.C14.P1,0,5505775628758,2212,321165292454,up
R1.S1.LT1.PON16.ONT48.C14.P1,0,372750024827,0,33449047436,down
R1.S1.LT1.PON14.ONT58.C14.P1,0,64582192733,0,9220079113,up
R1.S1.LT1.PON15.ONT58.C14.P1,0,1860568771485,0,145850951496,up
R1.S1.LT1.PON15.ONT59.C14.P1,0,3475827146110,0,236541967225,down
R1.S1.LT1.PON13.ONT45.C14.P1,0,426612470150,0,100390060672,up
R1.S1.LT1.PON10.ONT45.C14.P1,0,516311393828,0,33434172062,up
R1.S1.LT1.PON13.ONT46.C14.P1,0,4164346070522,0,482555532019,up
R1.S1.LT1.PON10.ONT46.C14.P1,0,16647433465456,0,1357514176291,up
R1.S1.LT1.PON11.ONT45.C14.P1,0,2880969171039,14572,164378179436,up
R1.S1.LT1.PON13.ONT43.C14.P1,0,12314681517008,0,947981856286,up
R1.S1.LT1.PON10.ONT32.C14.P1,0,1221818248952,0,110619552806,up
R1.S1.LT1.PON11.ONT35.C14.P1,0,0,0,0,down
R1.S1.LT1.PON12.ONT30.C14.P1,0,1304229500554,632,90299616189,up
R1.S1.LT1.PON13.ONT33.C14.P1,0,1375087736043,0,488808972957,up
R1.S1.LT1.PON16.ONT34.C14.P1,0,3143665638671,0,159568458801,up
R1.S1.LT1.PON10.ONT33.C14.P1,0,319778498784,0,37613358879,up
R1.S1.LT1.PON11.ONT32.C14.P1,0,2389492473549,16527,251134528668,up
R1.S1.LT1.PON12.ONT31.C14.P1,0,1014729589213,0,57824398606,down
R1.S1.LT1.PON13.ONT30.C14.P1,0,101410193,0,260116588,up
R1.S1.LT1.PON16.ONT35.C14.P1,0,1487474666721,0,344606117475,up
R1.S1.LT1.PON10.ONT30.C14.P1,0,632498752760,0,26885196803,up
R1.S1.LT1.PON11.ONT33.C14.P1,0,5249334516587,0,380861279337,up
R1.S1.LT1.PON13.ONT31.C14.P1,0,334854837775,0,69138961971,up
R1.S1.LT1.PON14.ONT34.C14.P1,0,59490435888,0,8812589784,up
R1.S1.LT1.PON16.ONT32.C14.P1,0,11553964600799,0,949250471836,up
R1.S1.LT1.PON10.ONT31.C14.P1,0,0,0,0,down
R1.S1.LT1.PON11.ONT30.C14.P1,0,2428252675472,0,356162253495,up
R1.S1.LT1.PON14.ONT35.C14.P1,0,186320679493,0,29704015517,down
R1.S1.LT1.PON15.ONT34.C14.P1,0,0,0,0,down
R1.S1.LT1.PON16.ONT33.C14.P1,0,0,0,0,down
R1.S1.LT1.PON11.ONT31.C14.P1,0,2660280349250,4364,114878639902,up
R1.S1.LT1.PON14.ONT32.C14.P1,0,5004718026205,0,402526265163,up
R1.S1.LT1.PON15.ONT35.C14.P1,0,0,0,0,down
R1.S1.LT1.PON16.ONT30.C14.P1,0,0,0,0,down
R1.S1.LT1.PON14.ONT33.C14.P1,0,456207872439,0,284559685683,down
R1.S1.LT1.PON15.ONT32.C14.P1,0,0,0,0,down
R1.S1.LT1.PON16.ONT31.C14.P1,0,134486254421,0,17048927212,up
R1.S1.LT1.PON14.ONT30.C14.P1,0,0,0,0,down
R1.S1.LT1.PON15.ONT33.C14.P1,0,3336110393859,27614,230936397236,up
R1.S1.LT1.PON14.ONT31.C14.P1,0,1363949182266,0,124730994784,down
R1.S1.LT1.PON15.ONT30.C14.P1,0,10629292844126,39134,687410512732,up
R1.S1.LT1.PON12.ONT38.C14.P1,0,0,0,0,down
R1.S1.LT1.PON15.ONT31.C14.P1,0,1915305685228,15843,117865213430,down
R1.S1.LT1.PON12.ONT39.C14.P1,0,5919753210830,0,871112278938,up
R1.S1.LT1.PON13.ONT38.C14.P1,0,0,0,0,down
R1.S1.LT1.PON10.ONT38.C14.P1,0,31239787978,0,1367442980,up
R1.S1.LT1.PON12.ONT36.C14.P1,0,280825216080,0,34352136836,up
R1.S1.LT1.PON13.ONT39.C14.P1,0,1463847021902,0,105493891641,up
R1.S1.LT1.PON10.ONT39.C14.P1,0,3484941737417,0,288839781084,up
R1.S1.LT1.PON11.ONT38.C14.P1,0,602129046454,17272,94832027102,up
R1.S1.LT1.PON12.ONT37.C14.P1,0,0,0,0,down
R1.S1.LT1.PON13.ONT36.C14.P1,0,2359269624289,0,253765012148,up
R1.S1.LT1.PON10.ONT36.C14.P1,0,3961247587311,0,286948959929,down
R1.S1.LT1.PON11.ONT39.C14.P1,0,2010160719269,23706,151558922905,up
R1.S1.LT1.PON13.ONT37.C14.P1,0,2528217975993,0,336958821586,up
R1.S1.LT1.PON16.ONT38.C14.P1,0,0,0,0,down
R1.S1.LT1.PON10.ONT37.C14.P1,0,4480916418297,0,504356866630,up
R1.S1.LT1.PON11.ONT36.C14.P1,0,1762479014744,15508,175114430924,up
R1.S1.LT1.PON16.ONT39.C14.P1,0,178880211,0,9661980,down
R1.S1.LT1.PON11.ONT37.C14.P1,0,4469900216945,54837,390169145725,up
R1.S1.LT1.PON14.ONT38.C14.P1,0,1696480215857,0,141841483462,up
R1.S1.LT1.PON16.ONT36.C14.P1,0,2506451882560,0,230546122570,up
R1.S1.LT1.PON14.ONT39.C14.P1,0,3549924918760,0,309989539973,up
R1.S1.LT1.PON15.ONT38.C14.P1,0,3599381741636,0,636959218842,up
R1.S1.LT1.PON16.ONT37.C14.P1,0,20801860,0,67939002,down
R1.S1.LT1.PON14.ONT47.C14.P1,0,4292138070497,0,320902381964,up
R1.S1.LT1.PON14.ONT48.C14.P1,0,1950329633431,0,184713779531,up
R1.S1.LT1.PON15.ONT47.C14.P1,0,2228696692475,0,351182751231,up
R1.S1.LT1.PON15.ONT48.C14.P1,0,800365743385,0,60150966106,up
R1.S1.LT1.PON12.ONT34.C14.P1,0,1571743575632,0,246821493509,down
R1.S1.LT1.PON12.ONT35.C14.P1,0,642457888382,0,75437987671,up
R1.S1.LT1.PON13.ONT34.C14.P1,0,0,0,0,down
R1.S1.LT1.PON10.ONT34.C14.P1,0,1948802145423,0,147482638937,up
R1.S1.LT1.PON12.ONT32.C14.P1,0,1580998955306,0,172144424219,up
R1.S1.LT1.PON13.ONT35.C14.P1,0,34579190341,0,3513868383,down
R1.S1.LT1.PON10.ONT35.C14.P1,0,5821478286297,1222,393492543937,up
R1.S1.LT1.PON11.ONT34.C14.P1,0,1350984858872,8245,156297867998,up
R1.S1.LT1.PON12.ONT33.C14.P1,0,1865268547460,0,224126090278,up
R1.S1.LT1.PON13.ONT32.C14.P1,0,3931542549505,0,402831756131,up
R1.S1.LT1.PON10.ONT21.C14.P1,0,5931433123492,37704,399853606179,down
R1.S1.LT1.PON11.ONT24.C14.P1,0,1419125609228,12694,138947934003,up
R1.S1.LT1.PON13.ONT22.C14.P1,0,113559739326,0,22828407624,down
R1.S1.LT1.PON16.ONT23.C14.P1,0,5015773039551,14324,372312067140,up
R1.S1.LT1.PON10.ONT22.C14.P1,0,41741562983647,0,3590613558155,up
R1.S1.LT1.PON11.ONT21.C14.P1,0,447374,4438,2072287,down
R1.S1.LT1.PON12.ONT20.C14.P1,0,642970239896,15232,40592561856,up
R1.S1.LT1.PON16.ONT24.C14.P1,0,873433123912,7326,83941970655,down
R1.S1.LT1.PON11.ONT22.C14.P1,0,324958476503,4504,25533345477,up
R1.S1.LT1.PON13.ONT20.C14.P1,0,53726483,3160,99353552,down
R1.S1.LT1.PON14.ONT23.C14.P1,0,0,0,0,down
R1.S1.LT1.PON16.ONT21.C14.P1,0,1924015923184,10193,293220681899,up
R1.S1.LT1.PON10.ONT20.C14.P1,0,0,0,0,down
R1.S1.LT1.PON14.ONT24.C14.P1,0,3985837190305,0,360383318574,up
R1.S1.LT1.PON15.ONT23.C14.P1,0,1425783663461,2422,217625151284,up
R1.S1.LT1.PON16.ONT22.C14.P1,0,1344178575695,0,196406564606,down
R1.S1.LT1.PON11.ONT20.C14.P1,0,2583504788599,7946,275413219981,up
R1.S1.LT1.PON14.ONT21.C14.P1,0,417228817771,17001,34571191578,down
R1.S1.LT1.PON15.ONT24.C14.P1,0,0,0,0,down
R1.S1.LT1.PON14.ONT22.C14.P1,0,0,0,0,down
R1.S1.LT1.PON15.ONT21.C14.P1,0,1826548152001,25612,767506243582,up
R1.S1.LT1.PON16.ONT20.C14.P1,0,1585100597925,67,66805363848,up
R1.S1.LT1.PON12.ONT29.C14.P1,0,5990242486389,0,417059187510,down
R1.S1.LT1.PON15.ONT22.C14.P1,0,2247207969982,36821,207519699728,down
R1.S1.LT1.PON13.ONT29.C14.P1,0,1163110193502,0,64687837414,up
R1.S1.LT1.PON14.ONT20.C14.P1,0,8806196428595,43894,1145588445286,up
R1.S1.LT1.PON10.ONT29.C14.P1,0,4289285687666,0,277160831367,up
R1.S1.LT1.PON12.ONT27.C14.P1,0,0,0,0,down
R1.S1.LT1.PON15.ONT20.C14.P1,0,3089718264812,0,259240360218,up
R1.S1.LT1.PON11.ONT29.C14.P1,0,0,0,0,down
R1.S1.LT1.PON12.ONT28.C14.P1,0,864910295718,0,59624357853,up
R1.S1.LT1.PON13.ONT27.C14.P1,0,16732,0,47034,down
R1.S1.LT1.PON10.ONT27.C14.P1,0,415031242808,0,65699647947,up
R1.S1.LT1.PON12.ONT25.C14.P1,0,8491292358184,9913,798135894933,up
R1.S1.LT1.PON13.ONT28.C14.P1,0,2296266120845,0,152781292324,up
R1.S1.LT1.PON16.ONT29.C14.P1,0,569404097077,3980,120703196114,up
R1.S1.LT1.PON10.ONT28.C14.P1,0,1058978112036,0,111171266924,up
R1.S1.LT1.PON11.ONT27.C14.P1,0,2255422382899,23216,319196374678,up
R1.S1.LT1.PON12.ONT26.C14.P1,0,1570329897155,0,130809186686,up
R1.S1.LT1.PON13.ONT25.C14.P1,0,3147746644143,36906,267298462186,up
R1.S1.LT1.PON10.ONT25.C14.P1,0,1020576580304,1896,19801876976,up
R1.S1.LT1.PON11.ONT28.C14.P1,0,1163372385544,5228,191502401893,up
R1.S1.LT1.PON13.ONT26.C14.P1,0,276415572752,0,24362280031,up
R1.S1.LT1.PON14.ONT29.C14.P1,0,708668313096,0,47202458056,up
R1.S1.LT1.PON16.ONT27.C14.P1,0,1353422832671,1678,97747140084,up
R1.S1.LT1.PON10.ONT26.C14.P1,0,0,0,0,down
R1.S1.LT1.PON11.ONT25.C14.P1,0,4201565663043,5283,155320054378,up
R1.S1.LT1.PON15.ONT29.C14.P1,0,0,0,0,down
R1.S1.LT1.PON16.ONT28.C14.P1,0,6645892491988,0,693808005308,up
R1.S1.LT1.PON11.ONT26.C14.P1,0,1475218466161,7455,80511314738,up
R1.S1.LT1.PON14.ONT27.C14.P1,0,0,0,0,down
R1.S1.LT1.PON16.ONT25.C14.P1,0,201476951833,0,37657660590,down
R1.S1.LT1.PON14.ONT28.C14.P1,0,3022053835822,0,340162751655,up
R1.S1.LT1.PON15.ONT27.C14.P1,0,794377027508,16456,205411175470,up
R1.S1.LT1.PON16.ONT26.C14.P1,0,0,0,0,down
R1.S1.LT1.PON14.ONT36.C14.P1,0,1159281702477,0,109254793454,up
R1.S1.LT1.PON15.ONT39.C14.P1,0,165812449,914,434628984,up
R1.S1.LT1.PON14.ONT37.C14.P1,0,151605237778,0,18317356833,up
R1.S1.LT1.PON15.ONT36.C14.P1,0,1799325849325,19252,175406248622,up
R1.S1.LT1.PON15.ONT37.C14.P1,0,0,0,0,down
R1.S1.LT1.PON12.ONT23.C14.P1,0,10039087049329,24264,648640715055,up
R1.S1.LT1.PON12.ONT24.C14.P1,0,1766484555560,0,201508565368,up
R1.S1.LT1.PON13.ONT23.C14.P1,0,1157668,0,1963692,down
R1.S1.LT1.PON10.ONT23.C14.P1,0,0,0,0,down
R1.S1.LT1.PON12.ONT21.C14.P1,0,238113710151,4702,78169039669,up
R1.S1.LT1.PON13.ONT24.C14.P1,0,0,0,0,down
R1.S1.LT1.PON10.ONT24.C14.P1,0,16088940383028,0,2061386960120,up
R1.S1.LT1.PON11.ONT23.C14.P1,0,465558,0,1182593,down
R1.S1.LT1.PON12.ONT22.C14.P1,0,101487062583,3724,7552801192,down
R1.S1.LT1.PON13.ONT21.C14.P1,0,2088698530511,8357,147138812250,up
R1.S1.LT1.PON14.ONT25.C14.P1,0,4561050837188,0,323086506954,up
R1.S1.LT1.PON15.ONT28.C14.P1,0,1477612854967,63580,123079973088,up
R1.S1.LT1.PON14.ONT26.C14.P1,0,314164022327,0,60486278525,up
R1.S1.LT1.PON15.ONT25.C14.P1,0,0,0,0,down
R1.S1.LT1.PON15.ONT26.C14.P1,0,1960536237146,27053,204104011646,down
R1.S1.LT1.PON10.ONT65.C14.P1,0,7830517345,0,698960415,up
R1.S1.LT1.PON11.ONT65.C14.P1,0,807782205533,0,289862249778,up
R1.S1.LT1.PON10.ONT63.C14.P1,0,819908404707,0,80930350750,up
R1.S1.LT1.PON10.ONT64.C14.P1,0,80195119332,0,9004946198,up
R1.S1.LT1.PON11.ONT63.C14.P1,0,0,0,0,down
R1.S1.LT1.PON13.ONT61.C14.P1,0,81200148319,0,10814011406,up
R1.S1.LT1.PON10.ONT61.C14.P1,0,1358167659249,0,219392322178,down
R1.S1.LT1.PON11.ONT64.C14.P1,0,701059160255,0,51533046254,up
R1.S1.LT1.PON10.ONT62.C14.P1,0,2908252557011,0,214132240802,up
R1.S1.LT1.PON11.ONT61.C14.P1,0,3176585627279,0,394790453422,up
R1.S1.LT1.PON15.ONT65.C14.P1,0,712231379390,0,84199341237,up
R1.S1.LT1.PON11.ONT62.C14.P1,0,4261199552391,0,303806309391,up
R1.S1.LT1.PON15.ONT66.C14.P1,0,97166514,0,322574155,up
R1.S1.LT1.PON16.ONT61.C14.P1,0,1892853709995,0,193359212600,up
R1.S1.LT1.PON15.ONT63.C14.P1,0,5363366830830,0,306216463407,up
R1.S1.LT1.PON15.ONT64.C14.P1,0,4904582033878,316,314692889060,up
R1.S1.LT1.PON15.ONT61.C14.P1,0,393804365722,0,37186781918,down
R1.S1.LT1.PON15.ONT62.C14.P1,0,4743669933269,0,331983556300,up
R1.S1.LT1.PON13.ONT60.C14.P1,0,577392282938,0,29447175751,up
R1.S1.LT1.PON10.ONT60.C14.P1,0,1467393849979,0,86124799998,up
R1.S1.LT1.PON11.ONT60.C14.P1,0,1003579858502,0,97881231837,up
R1.S1.LT1.PON16.ONT60.C14.P1,0,603224521025,0,37245038605,up
R1.S1.LT1.PON15.ONT60.C14.P1,0,359372225454,0,71240829195,up
R1.S1.LT1.PON10.ONT54.C14.P1,0,192739013707,0,22333776680,up
R1.S1.LT1.PON11.ONT57.C14.P1,0,2188487319184,948,112579540337,up
R1.S1.LT1.PON13.ONT55.C14.P1,0,5122572864623,0,418878961257,up
R1.S1.LT1.PON16.ONT56.C14.P1,0,3699698454012,316,290941627442,down
R1.S1.LT1.PON10.ONT55.C14.P1,0,4212696961169,0,254779288858,up
R1.S1.LT1.PON11.ONT54.C14.P1,0,756722382949,4138,162787983747,up
R1.S1.LT1.PON13.ONT52.C14.P1,0,1955620061754,0,159181476583,up
R1.S1.LT1.PON16.ONT57.C14.P1,0,101194,0,1694434,down
R1.S1.LT1.PON10.ONT52.C14.P1,0,1700770816552,0,264020477477,up
R1.S1.LT1.PON11.ONT55.C14.P1,0,0,0,0,down
R1.S1.LT1.PON13.ONT53.C14.P1,0,164653305575,0,18830419241,down
R1.S1.LT1.PON14.ONT56.C14.P1,0,180622495560,316,26333055247,up
R1.S1.LT1.PON16.ONT54.C14.P1,0,6014048939566,0,591384425000,up
R1.S1.LT1.PON10.ONT53.C14.P1,0,9223508299882,0,605480059417,up
R1.S1.LT1.PON11.ONT52.C14.P1,0,0,0,0,down
R1.S1.LT1.PON13.ONT50.C14.P1,0,19163518540225,0,1398721770485,up
R1.S1.LT1.PON14.ONT57.C14.P1,0,120346178976,0,6986248874,down
R1.S1.LT1.PON15.ONT56.C14.P1,0,1796334758556,0,103451299594,up
R1.S1.LT1.PON16.ONT55.C14.P1,0,0,0,0,down
R1.S1.LT1.PON10.ONT50.C14.P1,0,9274497945450,0,1374745293315,up
R1.S1.LT1.PON11.ONT53.C14.P1,0,681588787713,0,157159656953,up
R1.S1.LT1.PON13.ONT51.C14.P1,0,11600659759035,0,983688623819,up
R1.S1.LT1.PON14.ONT54.C14.P1,0,1122900121493,0,140120512030,up
R1.S1.LT1.PON15.ONT57.C14.P1,0,3010189371190,2212,173462060151,up
R1.S1.LT1.PON16.ONT52.C14.P1,0,3053460821093,0,140873689586,up
R1.S1.LT1.PON10.ONT51.C14.P1,0,13129304723765,0,1111051444453,up
R1.S1.LT1.PON11.ONT50.C14.P1,0,11584167010,0,4799438434,up
R1.S1.LT1.PON14.ONT55.C14.P1,0,163659158212,0,8528660294,up
R1.S1.LT1.PON15.ONT54.C14.P1,0,3352159903609,0,144165504139,up
R1.S1.LT1.PON16.ONT53.C14.P1,0,948226945315,0,82954179008,up
R1.S1.LT1.PON11.ONT51.C14.P1,0,0,0,0,down
R1.S1.LT1.PON14.ONT52.C14.P1,0,7490630233263,0,793514121693,up
R1.S1.LT1.PON15.ONT55.C14.P1,0,1939872660621,1896,856744868373,down
R1.S1.LT1.PON16.ONT50.C14.P1,0,1149985768727,0,98159846065,up
R1.S1.LT1.PON14.ONT53.C14.P1,0,5398895001191,0,354480238618,up
R1.S1.LT1.PON15.ONT52.C14.P1,0,7679106400653,0,597281033837,up
R1.S1.LT1.PON16.ONT51.C14.P1,0,2339869799190,0,625480249418,up
R1.S1.LT1.PON14.ONT50.C14.P1,0,4451020807130,0,375991134640,up
R1.S1.LT1.PON15.ONT53.C14.P1,0,765325876158,0,59926565687,down
R1.S1.LT1.PON14.ONT51.C14.P1,0,814531538768,0,127860227103,up
R1.S1.LT1.PON15.ONT50.C14.P1,0,3141214199164,0,237394124061,down
R1.S1.LT1.PON15.ONT51.C14.P1,0,1806798499015,0,864466063359,down
R1.S1.LT1.PON13.ONT58.C14.P1,0,2682218116366,0,256318465397,up
R1.S1.LT1.PON10.ONT58.C14.P1,0,227353704638,0,52995058801,down
R1.S1.LT1.PON13.ONT59.C14.P1,0,5546308420788,0,335731476086,up
R1.S1.LT1.PON10.ONT59.C14.P1,0,3081155635443,0,385154509519,up
R1.S1.LT1.PON11.ONT58.C14.P1,0,681578821301,0,149893243222,up
R1.S1.LT1.PON11.ONT59.C14.P1,0,2291923897305,0,175609111187,up
R1.S1.LT1.PON16.ONT58.C14.P1,0,2666074047816,0,242471798371,down
R1.S1.LT1.PON10.ONT56.C14.P1,0,148301544617,0,15413645943,down
R1.S1.LT1.PON13.ONT57.C14.P1,0,343299725032,0,69530908054,down
R1.S1.LT1.PON10.ONT57.C14.P1,0,1601931825025,0,122673983061,down
R1.S1.LT1.PON11.ONT56.C14.P1,0,0,0,0,down
R1.S1.LT1.PON13.ONT54.C14.P1,0,1757592770324,0,66228971183,up
